FundName,P1,P2,P3,P4,P5,Topsis Score,Rank
M1,0.84,0.71,6.7,42.1,12.59,0.5211306007460789,5
M2,0.91,0.83,7.0,31.7,10.11,0.6188789952951448,2
M3,0.79,0.62,4.8,46.7,13.23,0.48558810178091016,6
M4,0.78,0.61,6.4,42.4,12.55,0.4403190579731875,7
M5,0.94,0.88,3.6,62.2,16.91,0.599795948823643,3
M6,0.88,0.77,6.5,51.5,14.91,0.5223224080999528,4
M7,0.66,0.44,5.3,48.9,13.83,0.31664506387605007,8
M8,0.93,0.86,3.4,37.0,10.55,0.7507983617883505,1
